location_id,countryID,longitude,latitude,locationName,isMobile,isMonitor,provider,sensorID,instruments,sensorParameterID,firstUpdated,lastUpdated
6868,ZA,32.03902,-28.7313,Brackenham - RBCAA,False,True,South Africa,"19767, 1662909, 19762",Government Monitor,"1, 2, 9",2017-08-10T23:00:00Z,2024-03-12T10:00:00Z
6869,ZA,32.04924,-28.75622,CBD,False,True,Richards Bay,"19770, 19763",Government Monitor,"1, 9",2017-08-10T23:00:00Z,2019-04-03T21:45:00Z
6874,ZA,32.06265,-28.75243,Arboretum,False,True,Richards Bay,19772,Government Monitor,9,2017-08-10T23:00:00Z,2019-04-03T21:45:00Z
225393,ZA,27.85183,-25.6257,Damonsville,False,True,South Africa,"5079588, 1303604, 5079589, 5079586, 5079587, 1303603",Government Monitor,"35, 7, 19840, 1, 2, 9",2021-04-29T17:00:00Z,2024-02-29T22:00:00Z
225394,ZA,29.46282,-25.79606,Middelburg SAWS-NAQI,False,True,South Africa,"1303487, 4275729, 1303416, 4276218, 1303646, 1303439, 1303449, 1303421",Government Monitor,"8, 35, 7, 19840, 10, 1, 2, 9",2021-04-29T18:00:00Z,2024-03-12T11:00:00Z
225395,ZA,26.93934,-26.56976,Welgegund-NAQI,False,True,South Africa,"1303470, 1303448, 1303498",Government Monitor,"1, 2, 9",2021-04-29T17:00:00Z,2024-03-12T10:00:00Z
225396,ZA,25.68343,-33.76378,Saltworks-NAQI,False,True,South Africa,"4277257, 1303627, 4277251, 1303425, 1303662, 1303430",Government Monitor,"35, 7, 19840, 1, 2, 9",2021-04-29T17:00:00Z,2024-03-12T10:00:00Z
225397,ZA,29.43861,-25.77311,Middelburg MP,False,True,South Africa,"1303553, 4650608, 2014508, 4650609, 1303609, 1303613, 1303665, 1303577",Government Monitor,"8, 35, 7, 19840, 10, 1, 2, 9",2021-04-29T17:00:00Z,2024-03-12T10:00:00Z
225398,ZA,27.3916,-24.59106,Thabazimbi,False,True,South Africa,"1303441, 4275671, 1303391, 4275870, 1303467, 1303573, 1303659, 1303593",Government Monitor,"8, 35, 7, 19840, 10, 1, 2, 9",2021-04-29T18:00:00Z,2024-03-12T11:00:00Z
225399,ZA,28.9842,-24.15595,Mokopane,False,True,South Africa,"1303630, 4277246, 1303667, 4277284, 1303460, 1303510, 1303569, 6189234, 1303547",Government Monitor,"8, 35, 7, 19840, 10, 1, 2, 6, 9",2021-04-29T18:00:00Z,2024-03-12T11:00:00Z
225400,ZA,27.84102,-26.58733,Sebokeng,False,True,South Africa,"1303600, 5079590, 1347908, 5079591, 1303476, 1303505, 1303620, 1303587",Government Monitor,"8, 35, 7, 19840, 10, 1, 2, 9",2021-04-29T18:00:00Z,2024-03-12T11:00:00Z
225401,ZA,28.13314,-26.17867,Bedfordview-NAQI,False,True,South Africa,"1303471, 1303566, 1303579, 1303518",Government Monitor,"8, 1, 2, 9",2021-04-29T18:00:00Z,2023-03-27T16:00:00Z
225402,ZA,18.48052,-33.56233,Atlantis,False,True,South Africa,"1303515, 1303611",Government Monitor,"10, 9",2021-04-29T13:00:00Z,2024-03-12T10:00:00Z
225403,ZA,30.98862,-29.93409,Wentworth Reservior-NAQI,False,True,South Africa,"1303398, 1303490, 1303484",Government Monitor,"1, 2, 9",2021-04-29T16:00:00Z,2023-12-20T14:00:00Z
225404,ZA,18.51433,-33.81967,Table View-NAQI,False,True,South Africa,"4275961, 1303374, 4275679, 5080149, 1303482, 1303509, 1303376",Government Monitor,"35, 7, 19840, 10, 1, 2, 9",2021-04-29T13:00:00Z,2023-12-05T10:00:00Z
225405,ZA,27.83733,-26.77761,Bongani Mabaso Eco Park,False,True,South Africa,"4276135, 1303464, 4275931, 1303641, 1303541, 1303524, 1303631",Government Monitor,"35, 7, 19840, 10, 1, 2, 9",2021-04-29T17:00:00Z,2024-03-12T10:00:00Z
225406,ZA,28.69702,-26.14032,Delmas MP,False,True,South Africa,"1303648, 1562404, 1310138, 1303415, 1303598",Government Monitor,"8, 7, 10, 1, 9",2021-04-29T17:00:00Z,2024-03-11T12:00:00Z
225407,ZA,31.12006,-29.55742,Hambanathi Tongaat,False,True,South Africa,"1303389, 1303404, 1303382",Government Monitor,"1, 2, 9",2021-04-29T17:00:00Z,2024-03-12T10:00:00Z
225408,ZA,27.72201,-23.68207,Lephalale-NAQI,False,True,South Africa,"1303559, 4403635, 1303549, 4403636, 1303616, 1303477, 1303418, 1303606",Government Monitor,"8, 35, 7, 19840, 10, 1, 2, 9",2021-04-29T18:00:00Z,2024-03-12T11:00:00Z
225409,ZA,18.64356,-33.9155,Bellville South-NAQI,False,True,South Africa,"5080151, 5080150, 5080152, 1303562, 5079592, 1303617",Government Monitor,"35, 7, 19840, 1, 2, 9",2021-04-29T13:00:00Z,2024-03-10T22:00:00Z
225410,ZA,27.89908,-33.01689,East London,False,True,South Africa,"1303580, 4275869, 1303387, 4276130, 1303668, 1303653, 1303495, 1303557, 6188972",Government Monitor,"8, 35, 7, 19840, 10, 1, 2, 9, 6",2021-04-29T17:00:00Z,2023-04-19T09:00:00Z
225411,ZA,29.2232,-26.96411,Standerton - MP Province,False,True,South Africa,"1303638, 4442225, 1303410, 4442226, 1303388, 1303626, 1303663, 1303456",Government Monitor,"8, 35, 7, 19840, 10, 1, 2, 9",2021-04-29T17:00:00Z,2024-03-12T10:00:00Z
225412,ZA,32.07862,-28.761,Arboretum â€“ Water Facility,False,True,South Africa,"5977932, 1303656, 5977929, 1303619",Government Monitor,"35, 7, 19840, 9",2021-04-29T18:00:00Z,2023-10-12T08:00:00Z
225413,ZA,27.87585,-26.85146,Leitrim,False,True,South Africa,"1303564, 2545196, 1303511, 1303529, 1303629, 1303623",Government Monitor,"8, 5, 7, 1, 2, 9",2021-04-29T17:00:00Z,2024-03-12T10:00:00Z
225414,ZA,30.34451,-29.63797,Edendale,False,True,South Africa,1303399,Government Monitor,9,2021-04-29T17:00:00Z,2024-03-07T20:00:00Z
225415,ZA,27.48011,-25.69844,Marikana CC-NAQI,False,True,South Africa,"4278327, 1303642, 4278330, 1303519, 1303640, 1303475, 1303585",Government Monitor,"35, 7, 19840, 10, 1, 2, 9",2021-04-29T17:00:00Z,2024-03-12T10:00:00Z
225416,ZA,27.4,-32.88,Zwelitsha,False,True,South Africa,"1303397, 4275862, 1303608, 4275816, 1303438, 1303508, 1303461",Government Monitor,"8, 35, 7, 19840, 10, 1, 9",2021-04-29T17:00:00Z,2023-04-19T06:00:00Z
225417,ZA,27.85578,-26.84508,Zamdela-NAQI,False,True,South Africa,"1303375, 4275916, 1303412, 4275675, 1303552, 1303637, 1303440, 1303452",Government Monitor,"8, 35, 7, 19840, 10, 1, 2, 9",2021-04-29T18:00:00Z,2024-03-12T11:00:00Z
225418,ZA,29.24163,-25.92225,eMalahleni -MP Province,False,True,South Africa,"1303555, 4277274, 2018797, 4277267, 1303517, 1303491, 1303468",Government Monitor,"8, 35, 7, 19840, 10, 1, 9",2021-04-29T17:00:00Z,2024-03-12T10:00:00Z
225419,ZA,28.09889,-26.045,Buccleugh-NAQI,False,True,South Africa,"1303544, 6461332, 1316139, 6461331, 1303643, 1303444, 1303632, 1303478",Government Monitor,"8, 35, 7, 19840, 10, 1, 2, 9",2021-04-29T16:00:00Z,2024-03-12T11:00:00Z
225420,ZA,32.03423,-28.76969,Scorpio - RBCAA,False,True,South Africa,1303401,Government Monitor,9,2021-04-29T17:00:00Z,2024-03-12T10:00:00Z
225421,ZA,26.1435,-26.17877,Lichtenburg,False,True,South Africa,"1313736, 4277253, 1313737, 4277268, 2000401, 2085681, 2085680, 1303489",Government Monitor,"8, 35, 7, 19840, 10, 1, 2, 9",2021-04-29T17:00:00Z,2024-03-12T10:00:00Z
225422,ZA,18.54103,-33.85814,Bothasig,False,True,South Africa,"5079593, 1303521, 5079594, 1303492",Government Monitor,"35, 7, 19840, 9",2021-04-29T13:00:00Z,2024-03-02T04:00:00Z
225423,ZA,29.71648,-26.1512,Hendrina - SAWS,False,True,South Africa,"1303384, 5079595, 1303455, 5079596, 1303633, 1303497, 1303385, 1303406",Government Monitor,"8, 35, 7, 19840, 10, 1, 2, 9",2021-04-29T18:00:00Z,2024-03-12T11:00:00Z
225424,ZA,28.08414,-26.42022,Kliprivier,False,True,South Africa,"1303522, 4277256, 1303535, 4277298, 1303605, 1303514, 1303586, 1303610",Government Monitor,"8, 35, 7, 19840, 10, 1, 2, 9",2021-04-29T18:00:00Z,2024-03-12T11:00:00Z
225425,ZA,29.18647,-25.87786,eMalahleni - SAWS,False,True,South Africa,"1303622, 4279292, 1303423, 4279289, 1303437, 1338820, 1303458, 1303451",Government Monitor,"8, 35, 7, 19840, 10, 1, 2, 9",2021-04-29T18:00:00Z,2024-02-11T10:00:00Z
225426,ZA,28.23604,-25.97374,Olifantsfontein-NAQI,False,True,South Africa,"4275727, 1303499, 4275779, 1303372, 1303453, 1303654",Government Monitor,"35, 7, 19840, 1, 2, 9",2021-04-29T18:00:00Z,2024-03-12T11:00:00Z
225427,ZA,26.63763,-26.95639,Kanana,False,True,South Africa,"8433999, 8433998, 8433997, 5079597, 5079598, 1303427",Government Monitor,"35, 7, 19840, 1, 2, 9",2021-04-29T17:00:00Z,2024-03-12T10:00:00Z
225428,ZA,30.33739,-29.63758,Pietermaritzburg Airport - ORIBI,False,True,South Africa,"4275879, 1303493, 4275929, 1303607, 1303433, 1303454, 1303432",Government Monitor,"35, 7, 19840, 10, 1, 2, 9",2021-04-29T17:00:00Z,2024-03-12T10:00:00Z
225429,ZA,27.82618,-26.82278,AJ Jacobs,False,True,South Africa,"1303413, 4276061, 1303379, 4275715, 1303390, 1303664, 1303592",Government Monitor,"8, 35, 7, 19840, 1, 2, 9",2021-04-29T17:00:00Z,2024-03-12T10:00:00Z
225430,ZA,27.81674,-26.6885,Vanderbijlpark-NAQI,False,True,South Africa,"4275655, 2003200, 4276071, 1303590, 1303568, 1303657, 1303666",Government Monitor,"35, 7, 19840, 10, 1, 2, 9",2021-04-29T17:00:00Z,2024-03-12T10:00:00Z
225431,ZA,28.5847,-26.66285,Balfour,False,True,South Africa,"1348854, 4277280, 1303589, 4277260, 1303618, 1309475, 1316014, 1303479",Government Monitor,"8, 35, 7, 19840, 10, 1, 2, 9",2021-04-29T17:00:00Z,2024-03-12T10:00:00Z
225432,ZA,29.40541,-23.88441,Capricorn,False,True,South Africa,"5977909, 1303588, 5977933, 1303506, 1303628, 1303591, 1303483",Government Monitor,"35, 7, 19840, 10, 1, 2, 9",2021-04-29T17:00:00Z,2024-03-12T10:00:00Z
225433,ZA,29.21083,-26.60556,Bosjesspruit,False,True,South Africa,"4277265, 1303645, 4277244, 1303429, 1303523, 1303531, 1303414",Government Monitor,"35, 7, 19840, 10, 1, 2, 9",2021-04-29T16:00:00Z,2024-03-11T08:00:00Z
225434,ZA,28.09294,-25.91167,Olievenhoutbosch-NAQI,False,True,South Africa,"1316015, 4304667, 1926055, 4276241, 1303550, 1303595, 1303480, 1303462",Government Monitor,"8, 35, 7, 19840, 10, 1, 2, 9",2021-04-29T17:00:00Z,2024-03-12T10:00:00Z
225435,ZA,30.13438,-24.7315,Steelpoort,False,True,South Africa,"5977919, 1303450, 7608829, 1303548, 1303457, 1303369",Government Monitor,"35, 7, 19840, 10, 2, 9",2021-04-29T16:00:00Z,2023-12-31T09:00:00Z
225436,ZA,28.09373,-25.49283,Bodibeng-NAQI,False,True,South Africa,"1303368, 4280440, 1303420, 4280441, 1321835, 1320311, 1303574, 1303647",Government Monitor,"8, 35, 7, 19840, 10, 1, 2, 9",2021-04-29T17:00:00Z,2024-02-19T08:00:00Z
225437,ZA,28.47539,-26.11663,Etwatwa-NAQI,False,True,South Africa,"1329156, 1303527, 1303560, 1303561",Government Monitor,"10, 1, 2, 9",2021-04-29T17:00:00Z,2024-02-10T18:00:00Z
225438,ZA,29.18902,-26.52352,Club-NAQI,False,True,South Africa,"4276215, 1303536, 4275818, 1303459, 1303446, 1303525, 1303436",Government Monitor,"35, 7, 19840, 10, 1, 2, 9",2021-04-29T16:00:00Z,2024-03-12T10:00:00Z
225439,ZA,28.01887,-25.92185,Diepsloot,False,True,South Africa,"1303502, 1303378, 1303567",Government Monitor,"10, 1, 9",2021-04-28T23:00:00Z,2024-03-12T10:00:00Z
225440,ZA,29.96805,-26.49335,Ermelo-NAQI,False,True,South Africa,"1303539, 4277277, 1583921, 4277247, 1303485, 1303546, 1303650, 1303426",Government Monitor,"8, 35, 7, 19840, 10, 1, 2, 9",2021-04-29T18:00:00Z,2024-03-12T11:00:00Z
225441,ZA,29.0725,-26.53639,eMbalenhle North,False,True,South Africa,"4277292, 1303516, 4277294, 1303411, 1303554, 1303655, 1303367",Government Monitor,"35, 7, 19840, 10, 1, 2, 9",2021-04-29T15:00:00Z,2024-03-12T10:00:00Z
225442,ZA,30.97872,-29.95874,Settlers-NAQI,False,True,South Africa,"1303403, 1303651, 1303565",Government Monitor,"1, 2, 9",2021-04-29T17:00:00Z,2024-03-12T08:00:00Z
225443,ZA,26.24195,-29.13851,Pelonomi-NAQI,False,True,South Africa,"1303377, 1303424, 1303602",Government Monitor,"1, 2, 9",2021-04-29T17:00:00Z,2024-03-12T10:00:00Z
225444,ZA,27.84925,-33.01494,Gompo,False,True,South Africa,"1303488, 4276122, 1303534, 4275685, 1303533, 1303402, 1303434",Government Monitor,"8, 35, 7, 19840, 1, 2, 9",2021-04-29T17:00:00Z,2023-07-25T11:00:00Z
225445,ZA,27.95642,-26.25073,Diepkloof-NAQI,False,True,South Africa,"1303443, 4613421, 1303494, 4613422, 1303599, 1303528, 1303474, 1303383",Government Monitor,"8, 35, 7, 19840, 10, 1, 2, 9",2021-04-29T18:00:00Z,2024-03-12T11:00:00Z
225446,ZA,28.14299,-26.32952,Thokoza-NAQI,False,True,South Africa,"1562097, 1303660",Government Monitor,"1, 9",2021-04-29T18:00:00Z,2024-03-12T11:00:00Z
225447,ZA,19.46832,-33.62749,Worcester-NAQI,False,True,South Africa,"1303513, 1303639, 1303581, 1303472, 1303612, 1303394",Government Monitor,"8, 7, 10, 1, 2, 9",2021-04-29T17:00:00Z,2023-05-08T06:00:00Z
225448,ZA,27.87214,-26.25261,Jabavu-NAQI,False,True,South Africa,"1303538, 1303596, 1303486, 1303373",Government Monitor,"10, 1, 2, 9",2021-04-28T00:00:00Z,2024-03-12T10:00:00Z
225449,ZA,27.86711,-26.47964,Orange Farm,False,True,South Africa,"1303558, 1303636, 1303542",Government Monitor,"10, 1, 9",2021-04-29T15:00:00Z,2024-03-12T10:00:00Z
225450,ZA,29.07457,-26.57034,eMbalenhle South,False,True,South Africa,"4293090, 1303442, 4293093, 1303575, 1303419, 1303661",Government Monitor,"35, 7, 19840, 1, 2, 9",2021-04-29T15:00:00Z,2023-06-21T13:00:00Z
225451,ZA,27.99946,-26.65702,Three Rivers,False,True,South Africa,"1303496, 4276101, 1303530, 4275933, 1303428, 1303481, 1303512, 1303526",Government Monitor,"8, 35, 7, 19840, 10, 1, 2, 9",2021-04-29T18:00:00Z,2024-03-12T11:00:00Z
225452,ZA,26.6056,-26.89605,Jouberton,False,True,South Africa,"4275966, 1303614, 4276236, 2087369, 2087370, 1303572",Government Monitor,"35, 7, 19840, 1, 2, 9",2021-04-29T17:00:00Z,2024-03-12T10:00:00Z
225453,ZA,28.1321,-25.71365,Booysens,False,True,South Africa,"1347134, 4275755, 1303431, 4275646, 1347133, 1303465, 1303466",Government Monitor,"8, 35, 7, 19840, 10, 1, 9",2021-04-29T17:00:00Z,2024-03-12T10:00:00Z
225454,ZA,18.41078,-33.93786,Molteno,False,True,South Africa,"5079599, 1303407, 5079600, 1562268",Government Monitor,"35, 7, 19840, 10",2021-04-29T13:00:00Z,2024-03-12T11:00:00Z
225455,ZA,27.92461,-25.74712,Xanadu-NAQI,False,True,South Africa,"1303576, 4299499, 1303445, 4299498, 1303540, 1303584, 1303392, 1303435",Government Monitor,"8, 35, 7, 19840, 10, 1, 2, 9",2021-04-29T17:00:00Z,2024-03-12T10:00:00Z
225456,ZA,28.11026,-26.10703,Alexandra-NAQI,False,True,South Africa,"1303551, 1303621, 1303624",Government Monitor,"1, 2, 9",2021-04-29T18:00:00Z,2024-03-12T11:00:00Z
225457,ZA,31.13965,-23.93199,Phalaborwa-NAQI,False,True,South Africa,"1993043, 4405898, 1303409, 4405897, 1303463, 1303381, 1303635, 1303405",Government Monitor,"8, 35, 7, 19840, 10, 1, 2, 9",2021-04-29T03:00:00Z,2024-03-01T05:00:00Z
225458,ZA,22.47311,-33.98111,George-NAQI,False,True,South Africa,"1303380, 4276232, 1303386, 4275748, 1329025, 1303393, 1303396, 1303395",Government Monitor,"8, 35, 7, 19840, 10, 1, 2, 9",2021-04-29T17:00:00Z,2023-11-01T09:00:00Z
225459,ZA,28.91833,-26.38111,Lebohang,False,True,South Africa,"4277252, 1303634, 4277281, 1303400, 1303601, 1303556, 1303583",Government Monitor,"35, 7, 19840, 10, 1, 2, 9",2021-04-29T16:00:00Z,2024-03-12T10:00:00Z
225460,ZA,30.38061,-29.60206,Pietermaritzburg - CBD,False,True,South Africa,"1303545, 4277249, 1303473, 4277295, 1303422",Government Monitor,"8, 35, 7, 19840, 9",2021-04-29T17:00:00Z,2024-03-12T10:00:00Z
225461,ZA,28.09474,-25.62513,Rosslyn-NAQI,False,True,South Africa,"1303570, 1320285, 1329970, 1303652, 1303507, 1303644",Government Monitor,"8, 7, 10, 1, 2, 9",2021-04-29T17:00:00Z,2024-03-12T10:00:00Z
225462,ZA,27.86778,-26.68979,Sharpeville,False,True,South Africa,"1303501, 4276126, 1306127, 4275683, 1303625, 1303504, 1303370, 1359201",Government Monitor,"8, 35, 7, 19840, 10, 1, 2, 9",2021-04-29T15:00:00Z,2024-03-12T11:00:00Z
225463,ZA,29.11238,-26.55143,Embalenhle,False,True,South Africa,"5079601, 1303447, 5079602, 1303563, 1303578, 1303371, 1303594",Government Monitor,"35, 7, 19840, 10, 1, 2, 9",2021-04-29T16:00:00Z,2024-03-12T10:00:00Z
225464,ZA,19.14021,-31.39864,Karoo-NAQI,False,True,South Africa,"1303582, 5977734, 5977736, 5977735, 1303500, 1303615, 1303537, 1303408",Government Monitor,"8, 35, 7, 19840, 10, 1, 2, 9",2021-04-29T17:00:00Z,2024-03-11T21:00:00Z
225465,ZA,31.90973,-28.86887,eSikhaleni,False,True,South Africa,"1303417, 1305267, 1305268, 1303597",Government Monitor,"7, 1, 2, 9",2021-04-29T18:00:00Z,2023-11-14T13:00:00Z
225466,ZA,18.48276,-33.92755,Maitland,False,True,South Africa,"1303658, 1303503, 1303520, 1303532, 1303649",Government Monitor,"8, 7, 1, 2, 9",2021-04-29T17:00:00Z,2023-05-08T06:00:00Z
225467,ZA,18.56519,-33.9025,Goodwood-NAQI,False,True,South Africa,"5079604, 1303543, 5079605, 1585290, 1303469, 5079603, 1303571",Government Monitor,"35, 7, 19840, 10, 1, 2, 9",2021-04-29T13:00:00Z,2023-06-27T08:00:00Z
225473,ZA,32.01779,-28.66299,eNseleni - RBCAA,False,True,South Africa,1303973,Government Monitor,1,2021-04-29T15:00:00Z,2022-02-21T03:00:00Z
225487,ZA,32.05481,-28.74472,CBD RBCAA-NAQI,False,True,South Africa,"1303862, 1303837",Government Monitor,"1, 9",2021-04-29T17:00:00Z,2024-03-12T10:00:00Z
225488,ZA,30.92878,-30.00286,Prospecton,False,True,South Africa,1303771,Government Monitor,9,2021-04-29T17:00:00Z,2024-03-12T11:00:00Z
225495,ZA,25.5885,-33.98559,Walmer-NAQI,False,True,South Africa,"1303719, 1303865, 1303781, 1303975, 1303838, 1303951",Government Monitor,"8, 7, 10, 1, 2, 9",2021-04-29T17:00:00Z,2023-10-31T22:00:00Z
225506,ZA,25.61966,-33.79549,Motherwell,False,True,South Africa,"1303895, 1303716, 1303893, 1303818",Government Monitor,"7, 10, 1, 9",2021-04-29T17:00:00Z,2022-05-15T21:00:00Z
225517,ZA,30.97327,-29.95696,Southern Works,False,True,South Africa,1303882,Government Monitor,9,2021-04-29T17:00:00Z,2022-06-13T10:00:00Z
225521,ZA,31.89354,-28.82923,Felixton - RBCAA,False,True,South Africa,1303710,Government Monitor,9,2021-04-29T18:00:00Z,2024-03-12T10:00:00Z
225522,ZA,32.06274,-28.75239,Arboretum - RBCAA,False,True,South Africa,1303689,Government Monitor,9,2021-04-29T18:00:00Z,2024-03-12T10:00:00Z
225526,ZA,31.02729,-29.85828,City Hall - Durban-NAQI,False,True,South Africa,"1303896, 1303909, 1303749",Government Monitor,"1, 2, 9",2021-04-29T17:00:00Z,2024-02-23T01:00:00Z
225527,ZA,30.89018,-30.03323,Amanzimtoti,False,True,South Africa,"1303760, 1303858, 1303768",Government Monitor,"1, 2, 9",2021-04-29T17:00:00Z,2024-03-03T21:00:00Z
225532,ZA,31.01183,-29.85463,Warwick,False,True,South Africa,1303836,Government Monitor,8,2021-04-29T17:00:00Z,2021-07-20T21:00:00Z
225535,ZA,30.78202,-30.20803,Umkomaas,False,True,South Africa,"1303797, 1303947, 1303721, 1303823, 1303869",Government Monitor,"8, 10, 1, 2, 9",2021-04-29T18:00:00Z,2023-12-04T13:00:00Z
225539,ZA,31.00494,-29.92179,Grosvenor,False,True,South Africa,1303813,Government Monitor,9,2021-04-29T17:00:00Z,2024-02-16T23:00:00Z
225548,ZA,31.91168,-28.86524,Esikhawini - RBCAA,False,True,South Africa,"1303741, 1303852",Government Monitor,"1, 9",2021-04-29T17:00:00Z,2024-03-12T10:00:00Z
225550,ZA,30.97348,-29.92886,Jacobs Balfour,False,True,South Africa,1303924,Government Monitor,9,2021-04-29T17:00:00Z,2024-01-12T10:00:00Z
225608,ZA,30.58754,-29.73575,Cato Ridge,False,True,South Africa,"1304080, 1304429, 1304226",Government Monitor,"1, 2, 9",2021-04-29T18:00:00Z,2022-05-11T09:00:00Z
225662,ZA,29.07903,-26.55064,Secunda,False,True,South Africa,"1304070, 4275648, 1304246, 4275930, 1304401, 1336710, 1304285, 1304121",Government Monitor,"8, 35, 7, 19840, 10, 1, 2, 9",2021-04-29T19:00:00Z,2024-03-12T11:00:00Z
225670,ZA,30.9646,-29.94852,Ganges-NAQI,False,True,South Africa,"1304083, 1304190, 1304410, 1304215",Government Monitor,"7, 1, 2, 9",2021-04-29T18:00:00Z,2021-10-08T17:00:00Z
225703,ZA,30.73214,-29.77617,Alverstone,False,True,South Africa,1304488,Government Monitor,10,2021-04-29T20:00:00Z,2021-06-01T00:00:00Z
225717,ZA,28.20395,-25.99292,Ivory Park,False,True,South Africa,"1304536, 1304533, 1304500",Government Monitor,"10, 1, 9",2021-04-29T14:00:00Z,2024-02-27T17:00:00Z
225816,ZA,18.57871,-33.86574,Plattekloof,False,True,South Africa,"7736769, 1304775, 7736768, 1304776, 5079606, 5080153",Government Monitor,"35, 7, 19840, 10, 1, 2",2021-04-30T06:00:00Z,2024-02-28T10:00:00Z
225817,ZA,18.42517,-33.91383,Foreshore-NAQI,False,True,South Africa,"4276115, 4275940, 1304773, 1304777, 1304774",Government Monitor,"35, 19840, 1, 2, 9",2021-04-30T06:00:00Z,2024-02-02T12:00:00Z
225829,ZA,26.84666,-26.85471,Khuma,False,True,South Africa,"4275746, 1304839, 4275950, 3639932, 3639931, 1304841",Government Monitor,"35, 7, 19840, 1, 2, 9",2021-04-30T07:00:00Z,2024-03-12T10:00:00Z
225890,ZA,25.59766,-33.81107,Motherwell Day Hospital,False,True,South Africa,"1305050, 1305049, 1305048, 1315824, 1305047",Government Monitor,"8, 7, 10, 1, 9",2021-05-01T04:00:00Z,2022-02-08T23:00:00Z
225891,ZA,18.65356,-34.01558,Khayelitsha CoCT-NAQI,False,True,South Africa,"5977930, 5977915, 5977923, 1305051, 1305052, 5977920",Government Monitor,"35, 7, 19840, 1, 2, 9",2021-05-01T08:00:00Z,2022-12-21T06:00:00Z
226049,ZA,18.98944,-33.69528,Paarl,False,True,South Africa,"4276032, 1305739, 4275892, 3785715, 1305738",Government Monitor,"35, 7, 19840, 10, 9",2021-05-04T16:00:00Z,2024-03-12T10:00:00Z
226050,ZA,30.87657,-29.79865,New Germany,False,True,South Africa,"1305741, 1305737, 1305740",Government Monitor,"1, 2, 9",2021-05-04T16:00:00Z,2024-03-12T11:00:00Z
226073,ZA,18.85724,-33.92776,Stellenboch,False,True,South Africa,"6956129, 1305850, 6956131, 1321665, 1305847, 1305848, 1305849",Government Monitor,"35, 7, 19840, 10, 1, 2, 9",2021-05-05T08:00:00Z,2024-03-09T19:00:00Z
226269,ZA,25.41731,-33.76378,Uitenhage,False,True,South Africa,"1306839, 1306837, 1306840, 1306838",Government Monitor,"8, 7, 10, 9",2021-05-10T14:00:00Z,2022-03-02T07:00:00Z
226310,ZA,25.61453,-25.83581,Mafikeng-NAQI,False,True,South Africa,"1663290, 4275674, 1312861, 4275954, 1663289, 1307032, 1307031, 1307033",Government Monitor,"8, 35, 7, 19840, 10, 1, 2, 9",2021-05-11T13:00:00Z,2024-03-12T10:00:00Z
226316,ZA,28.3366,-25.71657,Mamelodi,False,True,South Africa,"1307049, 1307050, 1307051, 1307053, 3866447, 1307052",Government Monitor,"8, 7, 10, 1, 2, 9",2021-05-11T13:00:00Z,2023-04-18T05:00:00Z
226588,ZA,18.66965,-34.03814,Khayelitsha - WC Province,False,True,South Africa,"1308496, 4275706, 1308495, 4275781, 1328987, 1308533, 1308494",Government Monitor,"8, 35, 7, 19840, 10, 1, 9",2021-05-17T17:00:00Z,2024-03-12T10:00:00Z
227385,ZA,18.72578,-33.85719,Wallacedene-NAQI,False,True,South Africa,"5079607, 1702302, 5079608, 1926009, 1311829, 2085679, 1311820",Government Monitor,"35, 7, 19840, 10, 1, 2, 9",2021-06-02T17:00:00Z,2023-06-12T09:00:00Z
228956,ZA,27.14837,-25.58053,Phokeng,False,True,South Africa,"8443957, 2009562, 8443956, 2088959, 2088960, 1319163",Government Monitor,"35, 7, 19840, 1, 2, 9",2021-07-03T14:00:00Z,2024-03-12T10:00:00Z
229039,ZA,28.416,-26.27036,Springs-NAQI,False,True,South Africa,"2021823, 4275815, 1319492, 4276133, 1319493, 1319490, 1319491",Government Monitor,"8, 35, 7, 19840, 1, 2, 9",2021-07-05T09:00:00Z,2024-03-12T11:00:00Z
229192,ZA,27.88477,-26.72469,North West University Vaal campus,False,True,South Africa,"1320289, 1320286, 1320293, 1320290, 1320287, 1320291",Government Monitor,"8, 7, 10, 1, 2, 9",2021-07-08T05:00:00Z,2024-03-12T10:00:00Z
229203,ZA,22.23828,-33.60627,Oudtshoorn,False,True,South Africa,"1320357, 1320356",Government Monitor,"1, 2",2021-07-08T16:00:00Z,2022-11-30T12:00:00Z
229479,ZA,18.7317,-33.4554,Malmesbury,False,True,South Africa,"1321845, 4276096, 1321846, 4276226, 1321844, 1321843, 1321847",Government Monitor,"8, 35, 7, 19840, 10, 1, 9",2021-07-14T10:00:00Z,2024-03-12T00:00:00Z
230803,ZA,28.94285,-25.97884,Chicken Farm,False,True,South Africa,"7701551, 5086409, 1328979, 5086408, 1328978, 1328945, 1328993, 1328949",Government Monitor,"8, 35, 7, 19840, 10, 1, 2, 9",2021-08-02T21:00:00Z,2024-03-08T06:00:00Z
230804,ZA,29.80023,-27.11275,Majuba,False,True,South Africa,"7700990, 5086711, 1328998, 5086709, 1328920, 1328935, 1328981, 1329000",Government Monitor,"8, 35, 7, 19840, 10, 1, 2, 9",2021-08-02T21:00:00Z,2024-03-08T06:00:00Z
230805,ZA,29.60883,-26.74196,Sivukile,False,True,South Africa,"7700993, 5087225, 1329002, 5087227, 1329015, 1328982, 1329016, 1328926",Government Monitor,"8, 35, 7, 19840, 10, 1, 2, 9",2021-08-02T21:00:00Z,2024-03-08T06:00:00Z
230806,ZA,28.48008,-26.76472,Grootvlei - Eskom,False,True,South Africa,"7700638, 5086561, 1329003, 5086565, 1328950, 1328995, 1329008, 1328951",Government Monitor,"8, 35, 7, 19840, 10, 1, 2, 9",2021-08-02T21:00:00Z,2024-02-08T15:00:00Z
230807,ZA,27.54035,-23.73852,Medupi,False,True,South Africa,"7700987, 5086848, 1328954, 5086847, 1328937, 1328933, 1329004, 1329013",Government Monitor,"8, 35, 7, 19840, 10, 1, 2, 9",2021-08-02T21:00:00Z,2024-03-08T05:00:00Z
230808,ZA,29.7389,-26.13827,Kwazamokuhle,False,True,South Africa,"7700642, 5086712, 1328990, 5086710, 1328948, 1328934, 1329006, 1328923",Government Monitor,"8, 35, 7, 19840, 10, 1, 2, 9",2021-08-02T12:00:00Z,2024-01-07T13:00:00Z
230809,ZA,29.4506,-26.09742,KOMATI,False,True,South Africa,"7700636, 5110687, 1328996, 5110686, 1329017, 1328939, 1328965, 1328956",Government Monitor,"8, 35, 7, 19840, 10, 1, 2, 9",2021-08-02T21:00:00Z,2024-03-08T06:00:00Z
230810,ZA,30.11065,-26.08623,Silobela,False,True,South Africa,"7700989, 5087226, 1328985, 5087229, 1328946, 1328971, 1329001, 1328959",Government Monitor,"8, 35, 7, 19840, 10, 1, 2, 9",2021-08-02T21:00:00Z,2024-03-08T06:00:00Z
230811,ZA,28.0085,-26.68674,Randwater,False,True,South Africa,"7700986, 5086936, 1328929, 5086935, 1328922, 1328919, 1329007, 1328967",Government Monitor,"8, 35, 7, 19840, 10, 1, 2, 9",2021-08-02T21:00:00Z,2024-03-08T06:00:00Z
230812,ZA,29.85409,-26.97806,Ezamokuhle 2,False,True,South Africa,"5977918, 1328947, 5977912, 1328936, 1328964, 1328961, 1328989",Government Monitor,"35, 7, 19840, 10, 1, 2, 9",2021-08-02T21:00:00Z,2022-09-24T19:00:00Z
230813,ZA,29.28901,-26.21541,Thbelihle,False,True,South Africa,"7701553, 5087407, 1328976, 5087408, 1328960, 1329014, 1328944, 1328940",Government Monitor,"8, 35, 7, 19840, 10, 1, 2, 9",2021-08-02T21:00:00Z,2024-03-08T06:00:00Z
230815,ZA,27.80656,-26.17033,Mogale City,False,True,South Africa,"1328973, 5977924, 1328932, 5977914, 1328980, 1328924, 1328966",Government Monitor,"8, 35, 7, 19840, 10, 1, 9",2021-08-03T19:00:00Z,2023-12-11T16:00:00Z
230816,ZA,28.94285,-25.97884,Eskom-Chicken Farm,False,True,South Africa,"7700991, 5086560, 1328994, 5086562, 1328943, 1329005, 1328952, 1328968",Government Monitor,"8, 35, 7, 19840, 10, 1, 2, 9",2021-08-02T21:00:00Z,2024-02-14T22:00:00Z
230817,ZA,28.97446,-26.1079,Kendal,False,True,South Africa,"7700639, 5086564, 1328992, 5086566, 1328955, 1328977, 1328962, 1328999",Government Monitor,"8, 35, 7, 19840, 10, 1, 2, 9",2021-08-02T21:00:00Z,2024-01-05T09:00:00Z
230819,ZA,29.41733,-26.24548,Elandsfontein-NAQI,False,True,South Africa,"7700637, 5120493, 1328931, 5120492, 1328930, 1329009, 1329012, 1329010",Government Monitor,"8, 35, 7, 19840, 10, 1, 2, 9",2021-08-02T21:00:00Z,2024-03-07T23:00:00Z
230821,ZA,29.03816,-25.99567,Phola,False,True,South Africa,"7700992, 5086846, 1328941, 5086845, 1329018, 1328921, 1328972, 1328927",Government Monitor,"8, 35, 7, 19840, 10, 1, 2, 9",2021-08-02T21:00:00Z,2024-03-08T06:00:00Z
230822,ZA,29.25639,-26.25122,Kriel Village,False,True,South Africa,"7700641, 5086563, 1328975, 5086567, 1328963, 1328957, 1328984, 1328953",Government Monitor,"8, 35, 7, 19840, 10, 1, 2, 9",2021-08-02T21:00:00Z,2024-03-08T06:00:00Z
230823,ZA,29.30783,-26.89181,Grootdraaidam,False,True,South Africa,"7700640, 5977925, 1328925, 5977916, 1328970, 1328997, 1328983, 1328969",Government Monitor,"8, 35, 7, 19840, 10, 1, 2, 9",2021-08-02T20:00:00Z,2024-02-08T15:00:00Z
230993,ZA,27.628,-23.65603,Marapong,False,True,South Africa,"5977922, 1329955, 5977910, 1329957, 1329954, 1329956, 1329953",Government Monitor,"35, 7, 19840, 10, 1, 2, 9",2021-08-04T21:00:00Z,2022-10-16T21:00:00Z
231281,ZA,30.106,-26.6226,Camden,False,True,South Africa,"7700988, 5086938, 1331417, 5086937, 1331419, 1331420, 1331418, 1331421",Government Monitor,"8, 35, 7, 19840, 10, 1, 2, 9",2021-08-06T21:00:00Z,2024-03-08T06:00:00Z
234160,ZA,28.17031,-25.74025,Tshwane Market,False,True,South Africa,"1347152, 4275848, 1347151, 4275826, 1347154, 1347155, 1347150, 1347153",Government Monitor,"8, 35, 7, 19840, 10, 1, 2, 9",2021-08-31T01:00:00Z,2024-03-12T09:00:00Z
234237,ZA,28.14609,-25.75545,PTA West,False,True,South Africa,"1347591, 4276222, 1347589, 4275937, 1347592, 1347593, 6848932, 1347590",Government Monitor,"8, 35, 7, 19840, 10, 1, 2, 9",2021-08-31T01:00:00Z,2024-03-11T07:00:00Z
235851,ZA,28.25454,-25.38512,Hammanskraal,False,True,South Africa,"4277255, 4277286, 1356019, 4277287, 1356017, 1356021, 1356020, 1356018",Government Monitor,"8, 35, 7, 19840, 10, 1, 2, 9",2021-09-15T08:00:00Z,2024-03-12T10:00:00Z
235950,ZA,27.69864,-26.23489,Randfontein,False,True,South Africa,"1356562, 5977926, 1356563, 5977921, 1356564, 1356560, 1356561",Government Monitor,"8, 35, 7, 19840, 10, 1, 9",2021-09-16T17:00:00Z,2022-03-15T11:00:00Z
270294,ZA,28.01331,-26.58072,Meyerton,False,True,South Africa,"2000435, 4275873, 1560112, 1560110, 1560111, 1560109",Government Monitor,"7, 19840, 10, 1, 2, 9",2021-10-25T08:00:00Z,2023-11-14T06:00:00Z
299807,ZA,18.51311,-33.95586,Athlone,False,True,South Africa,1704970,Government Monitor,9,2022-03-21T06:00:00Z,2023-12-12T08:00:00Z
315945,ZA,29.31323,-25.97255,Masakhane,False,True,South Africa,"7700985, 5087228, 1792431, 5087224, 1792429, 1792428, 1792430, 1792432",Government Monitor,"8, 35, 7, 19840, 10, 1, 2, 9",2022-04-19T18:00:00Z,2024-03-07T09:00:00Z
339653,ZA,17.99221,-32.90172,Vredenburg,False,True,South Africa,"1937905, 5079610, 1937904",Government Monitor,"7, 10, 9",2022-05-18T10:00:00Z,2023-03-28T19:00:00Z
351880,ZA,28.21044,-25.91113,ISAWS Laboratory,False,True,South Africa,"2000110, 2000109, 2000111, 2000108, 2000112",Government Monitor,"7, 10, 1, 2, 9",2022-06-12T06:00:00Z,2022-06-13T08:00:00Z
352781,ZA,28.3013,-26.22808,Wattville,False,True,South Africa,"2055486, 5977928, 2055479, 5977911, 7754910, 7296708, 2003337",Government Monitor,"8, 35, 7, 19840, 1, 9, 6",2021-04-30T22:00:00Z,2024-03-12T11:00:00Z
353596,ZA,28.49577,-26.80103,Grootvlei - Sasol,False,True,South Africa,"5079612, 2007220, 5079613, 2007222, 2007223, 2007224, 2007221",Government Monitor,"35, 7, 19840, 10, 1, 2, 9",2022-07-02T00:00:00Z,2023-05-07T08:00:00Z
355533,ZA,30.17104,-24.61522,Dilokong,False,True,South Africa,"2016121, 4279291, 2016123, 4279290, 2016119, 2016124, 2016122, 2016120",Government Monitor,"8, 35, 7, 19840, 10, 1, 2, 9",2022-07-27T01:00:00Z,2024-03-12T10:00:00Z
355884,ZA,17.98497,-32.98312,Saldanha IDZ,False,True,South Africa,"2017561, 2025105, 2017560",Government Monitor,"7, 2, 9",2022-08-01T10:00:00Z,2024-03-12T10:00:00Z
355886,ZA,17.94491,-33.00111,Saldana Bay,False,True,South Africa,"2017565, 2017567",Government Monitor,"7, 9",2022-08-01T10:00:00Z,2022-08-09T11:00:00Z
355971,ZA,27.16754,-25.48351,Ratanang,False,True,South Africa,"2017911, 2017908, 2017909",Government Monitor,"1, 2, 9",2022-08-02T10:00:00Z,2023-11-20T20:00:00Z
356014,ZA,27.12563,-25.59565,Lebone,False,True,South Africa,"2018042, 2018041, 2018040",Government Monitor,"1, 2, 9",2022-08-02T13:00:00Z,2023-07-02T12:00:00Z
357783,ZA,17.94503,-33.00129,Saldanha Bay,False,True,South Africa,"5079616, 2025253, 5079617, 5079615, 2025254",Government Monitor,"35, 7, 19840, 10, 9",2022-09-01T06:00:00Z,2024-03-08T09:00:00Z
364065,ZA,31.14883,-23.96089,Station 2 (Molengraaf Street),False,True,South Africa,2055481,Government Monitor,9,2020-05-31T22:00:00Z,2020-05-31T22:00:00Z
364066,ZA,31.16473,-23.96932,Station 9 (HME),False,True,South Africa,2055480,Government Monitor,9,2020-05-31T22:00:00Z,2020-05-31T22:00:00Z
364067,ZA,28.17733,-26.22736,Germiston - Delville,False,True,South Africa,2055488,Government Monitor,9,2021-05-28T17:00:00Z,2021-05-28T17:00:00Z
364068,ZA,31.86547,-28.77536,Empangeni,False,True,South Africa,"5977913, 2055485, 5977917, 2055482, 2055492, 2055487",Government Monitor,"35, 7, 19840, 10, 1, 9",2018-12-07T08:00:00Z,2018-12-07T08:00:00Z
364069,ZA,28.37811,-26.38493,Tsakane,False,True,South Africa,"2055484, 7055861, 7055862, 7055860, 2055490, 7056704, 7737913",Government Monitor,"8, 35, 7, 19840, 10, 1, 9",2021-04-30T22:00:00Z,2024-03-12T11:00:00Z
364070,ZA,27.31397,-25.6138,Boitekong,False,True,South Africa,"2055483, 2055491",Government Monitor,"1, 9",2019-12-09T16:00:00Z,2019-12-09T16:00:00Z
364072,ZA,31.13285,-23.95302,Station 6 (Naboom Street),False,True,South Africa,2055478,Government Monitor,9,2020-05-31T22:00:00Z,2020-05-31T22:00:00Z
409081,ZA,27.84957,-26.15419,Davidsonville,False,True,South Africa,2277428,Government Monitor,1,2022-12-13T13:00:00Z,2024-03-12T07:00:00Z
575078,ZA,28.71353,-25.68998,Ekandustria,False,True,South Africa,"3193389, 7736923, 3193387, 7736922, 3193392, 3193391, 3193390",Government Monitor,"8, 35, 7, 19840, 10, 2, 9",2024-01-23T08:00:00Z,2024-01-26T20:00:00Z
612190,ZA,29.5057,-25.80967,Columbus,False,True,South Africa,"4276098, 3384977, 4275812, 3384975, 3384976",Government Monitor,"35, 7, 19840, 2, 9",2023-03-22T13:00:00Z,2024-03-11T08:00:00Z
778870,ZA,18.8318,-34.07735,Somerset West,False,True,South Africa,"4276207, 4243165, 4276145, 5088392, 5088393",Government Monitor,"35, 7, 19840, 1, 2",2023-03-29T09:00:00Z,2024-03-12T11:00:00Z
921113,ZA,22.09744,-34.17916,Eskom Gourikwa,False,True,South Africa,"5111853, 5079658, 5111854, 7881154, 5079659",Government Monitor,"35, 7, 19840, 10, 9",2022-10-04T18:00:00Z,2024-03-08T22:00:00Z
921114,ZA,22.09744,-34.17916,Eskom-Gourikwa,False,True,South Africa,"7778732, 7778734, 7778733, 7778735",Government Monitor,"35, 7, 19840, 9",2024-01-27T14:00:00Z,2024-01-27T14:00:00Z
921115,ZA,22.09744,-34.17916,Eskom-Gourikwa,False,True,South Africa,"7778865, 7778866, 7778868, 7778870",Government Monitor,"35, 7, 19840, 9",2024-01-27T14:00:00Z,2024-01-27T14:00:00Z
921138,ZA,27.18386,-25.50776,Luka,False,True,South Africa,"5079720, 5079721, 5079722",Government Monitor,"1, 2, 9",2022-10-04T16:00:00Z,2023-11-20T20:00:00Z
921139,ZA,18.51595,-33.92044,Maitland,False,True,South Africa,"5079726, 5079728, 5079725, 5079729, 5079723, 5079724, 5079727",Government Monitor,"8, 35, 7, 19840, 1, 2, 9",2022-10-04T19:00:00Z,2023-05-11T10:00:00Z
921141,ZA,18.51595,-33.92044,Maitland,False,True,South Africa,"5087803, 5087815, 5087818, 5087802, 5087819, 5087811, 5087807",Government Monitor,"8, 35, 7, 19840, 1, 2, 9",2022-10-04T19:00:00Z,2024-03-12T10:00:00Z
921172,ZA,19.46817,-33.62757,Worcester-NAQI,False,True,South Africa,"5079784, 5079787, 5079783, 5079788, 5079786, 5079781, 5079782, 5079785",Government Monitor,"8, 35, 7, 19840, 10, 1, 2, 9",2022-10-04T18:00:00Z,2024-03-12T10:00:00Z
925650,ZA,27.12531,-24.96643,4B Decline,False,True,South Africa,"5104102, 5104103",Government Monitor,"1, 9",2023-05-16T06:00:00Z,2024-03-12T10:00:00Z
925653,ZA,27.14656,-24.91039,Bierspruit,False,True,South Africa,"5104104, 5104105",Government Monitor,"1, 9",2023-05-16T06:00:00Z,2024-03-12T10:00:00Z
925656,ZA,29.41399,-24.0738,Deelkraal,False,True,South Africa,"5104106, 5104107",Government Monitor,"1, 9",2023-05-16T06:00:00Z,2024-01-11T07:00:00Z
925659,ZA,29.4311,-23.90677,Good Hope School,False,True,South Africa,"5104108, 5104109, 5104110",Government Monitor,"1, 2, 9",2023-05-16T05:00:00Z,2023-10-18T06:00:00Z
925662,ZA,27.1406,-24.97844,Hostel,False,True,South Africa,"5104111, 5104112",Government Monitor,"1, 9",2023-05-16T06:00:00Z,2024-03-12T11:00:00Z
925665,ZA,29.47552,-24.01796,North Farm,False,True,South Africa,"5104113, 5104114, 5104115",Government Monitor,"1, 2, 9",2023-05-16T06:00:00Z,2024-03-12T11:00:00Z
925668,ZA,29.45218,-24.04268,South Farm,False,True,South Africa,"5104116, 5104117, 5104118",Government Monitor,"1, 2, 9",2023-05-16T05:00:00Z,2024-03-12T10:00:00Z
987328,ZA,25.61859,-33.78966,ES_Motherwell,False,True,South Africa,"6570328, 6502602, 5707958, 5707956, 5707955, 5707953, 5707954, 6569534, 5707957",Government Monitor,"8, 4, 19843, 5, 3, 1, 2, 9, 6",2023-05-24T04:00:00Z,2024-03-12T09:00:00Z
1038690,ZA,27.16556,-24.97481,Fridge Plant,False,True,South Africa,"5977927, 5977931",Government Monitor,"1, 9",2022-10-22T09:00:00Z,2024-03-12T11:00:00Z
1175102,ZA,30.1529,-23.84349,Mopani,False,True,South Africa,6459247,Government Monitor,9,2023-07-06T10:00:00Z,2024-02-29T07:00:00Z
1209252,ZA,30.4204,-25.0858,Mashishing,False,True,South Africa,"6506186, 6506184, 6506183, 6506187, 6506185, 6506182",Government Monitor,"8, 35, 7, 19840, 10, 9",2023-07-13T09:00:00Z,2024-03-12T10:00:00Z
1236026,ZA,27.877,-26.723,North-West University Vanderbijilpark Campus,False,False,AirGradient,"7972468, 7972459, 6530229, 7972476, 6530244, 7972449",AirGradient Sensor,"19, 1, 2, 98, 100, 125",2023-07-15T13:00:00Z,2025-10-13T09:00:00Z
1236042,ZA,31.25243,-29.43461,"CAP / PLE2, KZN, ZA.",False,False,AirGradient,"7970644, 7970675, 6530274, 7970686, 6530273, 7970657",AirGradient Sensor,"19, 1, 2, 98, 100, 125",2023-07-15T13:00:00Z,2024-08-23T05:00:00Z
1236046,ZA,31.25243,-29.43461,"CAP / PLE, KZN, ZA.",False,False,AirGradient,"7972482, 7972528, 6530277, 7972539, 6530271, 7972516",AirGradient Sensor,"19, 1, 2, 98, 100, 125",2023-07-15T13:00:00Z,2025-10-13T09:00:00Z
1285341,ZA,28.2797,-25.7566,SPARTAN - CSIR,False,True,SPARTAN Network,6566248,Government Monitor,2,2016-02-14T08:00:00Z,2021-12-04T13:00:00Z
1291735,ZA,30.44741,-30.72745,Ugu District ,False,True,South Africa,"6576164, 6576165",Government Monitor,"1, 2",2023-07-20T06:00:00Z,2023-07-20T08:00:00Z
1292268,ZA,30.43515,-30.75244,Ugu District,False,True,South Africa,"6577005, 6577006",Government Monitor,"1, 2",2023-07-20T09:00:00Z,2024-03-12T10:00:00Z
1321146,ZA,27.92864,-26.18903,Glen Austin,False,True,South Africa,6617102,Government Monitor,9,2023-07-26T05:00:00Z,2023-07-26T23:00:00Z
1321147,ZA,28.21348,-25.92888,Midstream,False,True,South Africa,6617103,Government Monitor,9,2023-07-26T06:00:00Z,2024-03-12T10:00:00Z
1362116,ZA,28.17024,-25.96302,Glen Austin,False,True,South Africa,6651957,Government Monitor,9,2023-07-26T23:00:00Z,2024-03-12T10:00:00Z
1371119,ZA,31.37469,-29.33954,"CAP / PGE, KZN, ZA. ",False,False,AirGradient,"7971013, 7979025, 7978993, 7971295, 6666273, 7972586, 6666270, 7972591","N/A, AirGradient Sensor","19, 19, 1, 1, 2, 98, 100, 125",2023-08-02T06:00:00Z,2025-10-13T09:00:00Z
1371978,ZA,27.0939,-24.9506,ES_Mantserre,False,True,South Africa,"6667505, 6667503, 6667506, 6667500, 6667504, 6667502, 6667501",Government Monitor,"4, 19843, 5, 3, 1, 2, 6",2023-08-02T09:00:00Z,2024-03-12T09:00:00Z
1373118,ZA,31.21718,-29.47406,"CAP / UPS, KZN, ZA.",False,False,AirGradient,"7979400, 7971018, 7971327, 7979416, 6670179, 7972483, 6670180, 7972493","N/A, AirGradient Sensor","19, 19, 1, 1, 2, 98, 100, 125",2023-08-02T17:00:00Z,2025-10-13T09:00:00Z
1375629,ZA,31.24192,-29.48417,"CAP - B005, KZN, ZA.",False,False,AirGradient,"6674769, 6674795",AirGradient Sensor,"2, 100",2023-08-03T07:00:00Z,2023-09-12T11:00:00Z
1377024,ZA,30.58626,-29.73849,"CAP CR, KZN, ZA. AirGradient",False,False,AirGradient,"6676863, 6676854",AirGradient Sensor,"2, 100",2023-08-03T15:00:00Z,2023-08-05T09:00:00Z
1378099,ZA,32.03716,-28.78705,"Harbour West, KZN, ZA.",False,False,AirGradient,"7970887, 7979471, 7970908, 7979478, 6678847, 7972950, 6678848, 7972954","N/A, AirGradient Sensor","19, 19, 1, 1, 2, 98, 100, 125",2023-08-03T20:00:00Z,2025-10-13T09:00:00Z
1378279,ZA,32.06641,-28.76268,"Richardia, KZN, ZA.",False,False,AirGradient,"7971037, 7979252, 7979221, 7971034, 6679170, 7972587, 6679181, 7972578","N/A, AirGradient Sensor","19, 19, 1, 1, 2, 98, 100, 125",2023-08-03T21:00:00Z,2025-10-13T09:00:00Z
1381631,ZA,31.21723,-29.51186,"CAP / SEE, KZN, ZA.",False,False,AirGradient,"7971154, 7979168, 7979189, 7970835, 6684121, 7972574, 6684122, 7972548","N/A, AirGradient Sensor","19, 19, 1, 1, 2, 98, 100, 125",2023-08-04T15:00:00Z,2025-09-08T10:00:00Z
1447174,ZA,27.41098,-24.79108,Mobile-Norplats,False,True,South Africa,"6770110, 6770115, 6770116, 6770114, 6770107, 6770111",Government Monitor,"35, 7, 19840, 1, 2, 9",2023-08-17T16:00:00Z,2024-03-12T10:00:00Z
1447175,ZA,27.28986,-24.78527,Smashblock,False,True,South Africa,"6770109, 6770108, 6770117, 6770118, 6770112, 6770113",Government Monitor,"35, 7, 19840, 1, 2, 9",2023-08-17T16:00:00Z,2024-03-12T10:00:00Z
1511919,ZA,19.88332,-33.8022,Robertson Outdoor Sensor,False,False,AirGradient,"7978250, 7971097, 7970915, 7978226, 6864009, 7972665, 6864004, 7972712","N/A, AirGradient Sensor","19, 19, 1, 1, 2, 98, 100, 125",2023-08-31T13:00:00Z,2025-10-13T09:00:00Z
1513344,ZA,19.88347,-33.80221,Robertson Indoor Sensor,False,False,AirGradient,"7972899, 7972879, 6866427, 7972880, 6866439, 7972858",AirGradient Sensor,"19, 1, 2, 98, 100, 125",2023-08-31T21:00:00Z,2024-12-08T07:00:00Z
1516339,ZA,25.65626,-33.76978,Amsterdamplein,False,True,South Africa,"6871326, 6871322, 6871324, 7296705, 6871325, 6871323",Government Monitor,"35, 7, 19840, 10, 1, 9",2023-09-01T12:00:00Z,2024-03-12T10:00:00Z
1523485,ZA,22.2145,-34.0556,ES_George,False,True,South Africa,"6881516, 6881513, 6881518, 6881515, 6881512, 6881519, 6881514",Government Monitor,"4, 19843, 5, 3, 1, 2, 6",2023-09-03T05:00:00Z,2023-09-07T05:00:00Z
1527938,ZA,28.1969,-25.9393,ES_Midstream,False,True,South Africa,"6887321, 6887316, 6887318, 6887320, 6887319, 6887317, 6887315",Government Monitor,"4, 19843, 5, 3, 1, 2, 6",2023-09-04T07:00:00Z,2024-03-12T09:00:00Z
1541054,ZA,22.0031,-34.1625,ES_George,False,True,South Africa,"6906010, 6906006, 6906018, 6906000, 6905977, 6905975, 6906001",Government Monitor,"4, 19843, 5, 3, 1, 2, 6",2023-09-07T07:00:00Z,2023-11-28T00:00:00Z
1590755,ZA,18.51273,-33.83412,"CAP / TVI, WC, ZA.",False,False,AirGradient,"7971328, 7978212, 7978234, 7971209, 6985645, 7972486, 6985644, 7972532","N/A, AirGradient Sensor","19, 19, 1, 1, 2, 98, 100, 125",2023-09-18T16:00:00Z,2025-10-13T09:00:00Z
1760677,ZA,30.65149,-29.72375,Cato Ridge,False,True,South Africa,"7296706, 7296707, 7296709",Government Monitor,"1, 2, 9",2022-05-11T09:00:00Z,2022-05-11T09:00:00Z
1785689,ZA,22.47576,-33.96459,George-NAQI,False,True,South Africa,"7338560, 7338535, 7338532, 7338534, 7338539, 7338563",Government Monitor,"35, 7, 19840, 1, 2, 9",2023-11-01T16:00:00Z,2024-03-12T10:00:00Z
1821379,ZA,28.3729,-26.5083,ES_Heidelberg,False,True,South Africa,"7383807, 7383805, 7383808, 7383806",Government Monitor,"4, 5, 3, 6",2023-11-10T08:00:00Z,2024-03-12T09:00:00Z
1869327,ZA,28.21068,-25.91102,Quanta_Irene,False,True,South Africa,"7439629, 7439630, 7439631, 7439632",Government Monitor,"7, 10, 1, 2",2023-11-22T07:00:00Z,2023-12-24T00:00:00Z
1888337,ZA,27.78749,-26.64662,AMSA Vanderbijlpark Works,False,True,South Africa,"7459270, 7459272, 7459273, 7459275, 7459274, 7459271",Government Monitor,"8, 35, 7, 19840, 1, 9",2023-11-27T02:00:00Z,2024-03-12T10:00:00Z
1895691,ZA,21.267,-33.4893,ES_George,False,True,South Africa,"7467386, 7467382, 7467383, 7467381, 7490907, 7490908, 7467384",Government Monitor,"4, 19843, 5, 3, 1, 2, 6",2023-11-28T20:00:00Z,2024-03-03T00:00:00Z
1895692,ZA,27.52326,-25.67005,Wonderkop Sibanye,False,True,South Africa,"7467385, 7980517",Government Monitor,"1, 9",2023-11-28T16:00:00Z,2024-03-12T10:00:00Z
2385060,ZA,28.97583,-25.85933,Eskom-Balmoral,False,True,South Africa,7813257,Government Monitor,9,2024-02-05T12:00:00Z,2024-02-27T20:00:00Z
2385061,ZA,28.98561,-25.97544,Eskom-Wilge,False,True,South Africa,7813256,Government Monitor,9,2024-02-05T12:00:00Z,2024-03-08T06:00:00Z
2389721,ZA,28.22329,-25.99456,Tembisa,False,True,South Africa,"7818728, 7818729, 7818731, 7818726, 7818727",Government Monitor,"8, 35, 7, 19840, 9",2024-02-06T10:00:00Z,2024-03-12T11:00:00Z
2427852,ZA,29.85009,-26.99757,Eskom-Ezamokuhle,False,True,South Africa,"7866307, 7866300, 7866306, 7866304, 7866305, 7866301, 7866302, 7866303",Government Monitor,"8, 35, 7, 19840, 10, 1, 2, 9",2024-02-14T21:00:00Z,2024-03-08T06:00:00Z
2483823,ZA,31.24528,-29.47564,"CAP / ECE, KZN, ZA.",False,False,AirGradient,"7979582, 7971321, 7970893, 7979561, 7932225, 7972142, 7932226, 7972149","AirGradient Sensor, AirGradient Sensor","19, 19, 1, 1, 2, 98, 100, 125",2024-02-27T09:00:00Z,2025-10-13T09:00:00Z
2505175,ZA,22.2087,-34.0517,ES_George,False,True,South Africa,"7958553, 7958557, 7958552, 7958556, 7958551, 7958555, 7958554",Government Monitor,"4, 19843, 5, 3, 1, 2, 6",2024-03-03T01:00:00Z,2024-03-12T09:00:00Z
2506086,ZA,28.2105,-25.9109,ES_Irene,False,True,South Africa,"7969576, 7959493, 7959494, 7959492, 7959490, 7959491, 7969575",Government Monitor,"4, 19843, 5, 10, 1, 2, 6",2024-03-03T08:00:00Z,2024-03-12T10:00:00Z
2847325,ZA,27.877,-26.723,North-West University Vanderbijilpark Campus,False,False,AirGradient,"9224348, 9224344, 9224319, 9224324, 9224346, 9224332",AirGradient Sensor,"19, 1, 2, 98, 100, 125",2024-05-15T09:00:00Z,2025-10-13T09:00:00Z
2847326,ZA,27.88477,-26.72469,North-West University Vanderbijilpark Campus,False,False,AirGradient,"9224335, 9224323, 9224338, 9224325, 9224350, 9224330",AirGradient Sensor,"19, 1, 2, 98, 100, 125",2024-05-15T09:00:00Z,2025-10-13T09:00:00Z
2949269,ZA,31.04001,-29.75369,Glen Anil,False,False,AirGradient,"9932581, 9932584, 9932583, 9932582, 9932585, 9932586",AirGradient Sensor,"19, 1, 2, 98, 100, 125",2024-07-13T23:00:00Z,2025-09-27T17:00:00Z
2959203,ZA,32.03902,-28.7313,"Brackenham, KZN, ZA.",False,False,AirGradient,"9988609, 9988659, 9988620, 9988627, 9988604, 9988647",AirGradient Sensor,"19, 1, 2, 98, 100, 125",2024-07-18T08:00:00Z,2025-10-13T09:00:00Z
2959824,ZA,32.05481,-28.74472,"CBD, KZN, ZA.",False,False,AirGradient,"9992993, 9993007, 9992979, 9993000, 9992989, 9993008",AirGradient Sensor,"19, 1, 2, 98, 100, 125",2024-07-18T10:00:00Z,2025-10-13T09:00:00Z
2960156,ZA,31.89354,-28.82923,"Felixton, KZN, ZA.",False,False,AirGradient,"9994272, 9994289, 9994280, 9994281, 9994260, 9994259",AirGradient Sensor,"19, 1, 2, 98, 100, 125",2024-07-18T13:00:00Z,2025-10-13T09:00:00Z
2960311,ZA,32.03902,-28.7313,"Brackenham, KZN, ZA",False,False,AirGradient,"9995769, 10141749, 10141750, 9995797, 9995787, 10141751, 9995775, 9995772, 10141753, 10141752, 9995827","AirGradient Sensor, AirGradient Sensor","19, 19, 1, 1, 2, 2, 98, 100, 100, 128, 125",2024-07-18T15:00:00Z,2024-07-19T05:00:00Z
2962304,ZA,31.91168,-28.86524,"eSikhaleni, KZN, ZA.",False,False,AirGradient,"10003837, 10003838, 10003874, 10003815, 10003829, 10003833",AirGradient Sensor,"19, 1, 2, 98, 100, 125",2024-07-19T08:00:00Z,2025-10-13T09:00:00Z
2996395,ZA,31.02616,-29.7635,Northmead Industrial ,False,False,AirGradient,"10127756, 10127767, 10127768, 10127750, 10127749, 10127762",AirGradient Sensor,"19, 1, 2, 98, 100, 125",2024-07-30T19:00:00Z,2025-10-13T09:00:00Z
2999471,ZA,31.05676,-29.75654,La Lucia ,False,False,AirGradient,"10138380, 10141754, 10138382, 10141755, 10141756, 10138383, 10138376, 10138378, 10141758, 10141757, 10138374","AirGradient Sensor, AirGradient Sensor","19, 19, 1, 1, 2, 2, 98, 100, 100, 128, 125",2024-07-31T18:00:00Z,2025-10-13T09:00:00Z
3021125,ZA,28.15609,-25.68151,PTA-NORTH,False,False,AirGradient,"10297056, 10297058, 10297051, 10297049, 10297043, 10297055",AirGradient Sensor,"19, 1, 2, 98, 100, 125",2024-08-17T12:00:00Z,2025-10-13T09:00:00Z
3025461,ZA,31.13258,-29.63854,La Mercy,False,False,AirGradient,"10330106, 10330104, 10330109, 10330099, 10330087, 10330091",AirGradient Sensor,"19, 1, 2, 98, 100, 125",2024-08-20T16:00:00Z,2024-11-28T03:00:00Z
3029499,ZA,31.08598,-29.49257,"CAP / ISI, KZN, ZA.",False,False,AirGradient,"10360018, 10360007, 10360020, 10360001, 10359997, 10360008",AirGradient Sensor,"19, 1, 2, 98, 100, 125",2024-08-23T09:00:00Z,2025-09-11T15:00:00Z
3140021,ZA,31.24162,-29.47354,"DOC / CAP 02, KZN, ZA.",False,False,AirGradient,"10974423, 10974410, 10974437, 10974436, 10974431, 10974438",AirGradient Sensor,"19, 1, 2, 98, 100, 125",2024-10-16T15:00:00Z,2024-10-17T06:00:00Z
3290366,ZA,31.11988,-29.55722,"CAP / TSM SW, KZN. ZA.",False,False,AirGradient,"11461704, 11461720, 11461713, 11461707, 11461718, 11461708",AirGradient Sensor,"19, 1, 2, 98, 100, 125",2024-11-28T12:00:00Z,2025-10-13T09:00:00Z
4147111,ZA,17.98711,-32.90876,"Test - Vredenburg, WC, ZA.",False,False,AirGradient,"14153880, 14153881, 14153882, 14153883, 14153884",N/A,"19, 2, 98, 100, 125",2025-09-19T00:00:00Z,2025-10-13T09:00:00Z
5428435,ZA,32.10153,-28.77185,"Meerensee, KZN, ZA.",False,False,AirGradient,"13858897, 13858898, 13858899, 13858900, 13858901",AirGradient Sensor,"19, 2, 98, 100, 125",2025-08-14T10:00:00Z,2025-10-13T09:00:00Z
5680303,ZA,31.74316,-28.95908,"Mtunzini, KZN, ZA.",False,False,AirGradient,"14043982, 14043983, 14043984, 14043985, 14043986",AirGradient Sensor,"19, 2, 98, 100, 125",2025-09-05T13:00:00Z,2025-10-13T09:00:00Z
